{
  "alpha": 1.1,
  "alpha_hat": 1.3452391549728244,
  "benchmark": 0.6050000000000001,
  "beta": -0.5,
  "beta_hat": -0.7917424458370932,
  "cycle": 139,
  "eta_min": 0.3,
  "eta_plus": 0.1,
  "increment": 10,
  "n_sim": 10,
  "p_max": 1.5,
  "p_min": 0.5,
  "p_star": 1.1,
  "r1": 1.0485782520271743,
  "reference_price": 0.8495424644844657,
  "rev": 0.5736333378888933,
  "sigma": 0.1,
  "sim": 10,
  "t": 10000,
  "t_max": 10000,
  "zeta": 0.1,
  "source_file": "data_for_figures_2b_and_3b.mat",
  "policy_name": "deterministic_testing",
  "scenario_name": "reference_effect",
  "beta_psb_source_sign": -0.5,
  "beta_positive_notation": 0.5
}