{
  "alpha": 1.1,
  "alpha_hat": 1.048073886811037,
  "benchmark": 0.6050000000000001,
  "beta": -0.5,
  "beta_hat": -0.45256646870720235,
  "c_0": 0.1,
  "cycle_begin": 8188,
  "delta": 0.012500000000000015,
  "eta_min": 0.3,
  "eta_plus": 0.1,
  "increment": 10,
  "n": 4096,
  "n_sim": 10,
  "p_max": 1.5,
  "p_min": 0.5,
  "p_star": 1.1,
  "p_star_hat": 1.1579226028443472,
  "r1": 1.0485782520271743,
  "reference_price": 1.1454226028443475,
  "rev": 0.6039683935754224,
  "sigma": 0.1,
  "sim": 10,
  "t": 10000,
  "t_max": 10000,
  "zeta": 0.1,
  "source_file": "data_for_figures_4_and_5b.mat",
  "policy_name": "slow_moving",
  "scenario_name": "reference_effect",
  "beta_psb_source_sign": -0.5,
  "beta_positive_notation": 0.5
}