{
  "alpha": 1.1,
  "alpha_hat": 1.1015674189645768,
  "benchmark": 0.6050000000000001,
  "beta": -0.5,
  "beta_hat": -0.5001911601793938,
  "cycle": 139,
  "eta_min": 0,
  "eta_plus": 0,
  "increment": 10,
  "n_sim": 10,
  "p_max": 1.5,
  "p_min": 0.5,
  "p_star": 1.1,
  "r1": 1.0485782520271743,
  "reference_price": 1.1011428168721404,
  "rev": 0.6049993428511143,
  "sigma": 0.1,
  "sim": 10,
  "t": 10000,
  "t_max": 10000,
  "zeta": 0.1,
  "source_file": "data_for_figures_2a_and_3a.mat",
  "policy_name": "deterministic_testing",
  "scenario_name": "no_reference",
  "beta_psb_source_sign": -0.5,
  "beta_positive_notation": 0.5
}