{
  "alpha": 1.1,
  "alpha_hat": 1.0419666096211582,
  "benchmark": 0.6050000000000001,
  "beta": -0.5,
  "beta_hat": -0.4473239025133,
  "c_0": 0.1,
  "cycle_begin": 8188,
  "delta": 0.012500000000000015,
  "eta_min": 0,
  "eta_plus": 0,
  "increment": 10,
  "n": 4096,
  "n_sim": 10,
  "p_max": 1.5,
  "p_min": 0.5,
  "p_star": 1.1,
  "p_star_hat": 1.1646668149933905,
  "r1": 1.0485782520271743,
  "reference_price": 1.1521668149933908,
  "rev": 0.6036393117067228,
  "sigma": 0.1,
  "sim": 10,
  "t": 10000,
  "t_max": 10000,
  "zeta": 0.1,
  "source_file": "data_for_figure_5a.mat",
  "policy_name": "slow_moving",
  "scenario_name": "no_reference",
  "beta_psb_source_sign": -0.5,
  "beta_positive_notation": 0.5
}